{"cameraMode":{"drawMode":0,"name":"Shaded","section":"Shading Mode"},"sceneLighting":true,"audioPlay":false,"sceneViewState":{"showFog":true,"showMaterialUpdate":false,"showSkybox":true,"showFlares":true,"showImageEffects":true,"showParticleSystems":true},"in2DMode":false,"pivot":{"x":47.9598388671875,"y":11.231990814208985,"z":36.611183166503909},"rotation":{"x":0.13396094739437104,"y":0.022294877097010614,"z":-0.003015124937519431,"w":0.990732729434967},"size":2.1473395824432375,"orthographic":false}